{"cameraMode":{"drawMode":0,"name":"Shaded","section":"Shading Mode"},"sceneLighting":false,"audioPlay":false,"sceneViewState":{"showFog":true,"showMaterialUpdate":false,"showSkybox":false,"showFlares":true,"showImageEffects":true,"showParticleSystems":true,"showVisualEffectGraphs":true,"m_FxEnabled":true},"in2DMode":false,"pivot":{"x":10.081254959106446,"y":-2.0473568439483644,"z":0.27081000804901125},"rotation":{"x":0.22041718661785127,"y":-0.024876272305846216,"z":0.005614469759166241,"w":0.9751026034355164},"size":14.609670639038086,"orthographic":false}