{"cameraMode":{"drawMode":0,"name":"Shaded","section":"Shading Mode"},"sceneLighting":true,"audioPlay":false,"sceneViewState":{"showFog":true,"showMaterialUpdate":false,"showSkybox":true,"showFlares":true,"showImageEffects":true,"showParticleSystems":true,"showVisualEffectGraphs":true,"m_FxEnabled":true},"in2DMode":false,"pivot":{"x":13.997343063354493,"y":-7.63189697265625,"z":28.698450088500978},"rotation":{"x":0.10481417179107666,"y":0.07632042467594147,"z":-0.008015674538910389,"w":0.9915792942047119},"size":27.53171157836914,"orthographic":false}