{"cameraMode":{"drawMode":0,"name":"Shaded","section":"Shading Mode"},"sceneLighting":true,"audioPlay":false,"sceneViewState":{"showFog":true,"showMaterialUpdate":false,"showSkybox":true,"showFlares":true,"showImageEffects":true,"showParticleSystems":true,"showVisualEffectGraphs":true,"m_FxEnabled":true},"in2DMode":false,"pivot":{"x":-0.021209001541137697,"y":-0.29050981998443606,"z":-0.9892125129699707},"rotation":{"x":-0.10452526062726975,"y":0.7961869239807129,"z":-0.14390292763710023,"w":-0.5783188343048096},"size":5.407395362854004,"orthographic":false}